{"VSV":0.0000045,"EC":7.4939165,"XSA":1.0010721,"EEC":0.0000045,"NNG":23.844281,"VCP":1.9610645,"NNG\"":0.0000136,"JKV":0.014133,"NG":0.0000136,"JKSS":0.0000045,"MAC":0.0000045,"SS":2.5861406,"XSN":1.8992049,"JKBB":0.0000045,"JKC":0.250726,"SE":0.1204547,"ETM":5.8755218,"VV":7.763949,"VX":2.1900356,"VCN":0.2026003,"JKS":2.6053746,"VX\"":0.0000045,"JKQ":0.0825491,"XSV":2.5540523,"VA":1.7283846,"MMM":0.0000045,"SP":1.7649663,"S":0.0000091,"MAAG":0.0000045,"MAJ":0.4279848,"NNB":3.1863331,"NNg":0.0000045,"SW":0.1525839,"V":0.0000045,"NP":1.5153648,"XPN":0.2039424,"NR":0.323123,"IC":0.0900667,"JKB":4.4333386,"ETN":0.5691017,"EF":3.4960668,"XR":0.58333,"SH":0.2784207,"MAG":2.7752517,"NNGG":0.0000091,"JC":0.6654483,"NA":0.0065065,"MM":1.3962159,"EP":2.3465506,"SL":0.3417948,"VA\"":0.0000045,"JKG":2.3524314,"SF":3.6977194,"SW\"":0.0000227,"SN":1.1820489,"JKO":3.6066915,"NNP":2.0859129,"JX":4.0891588,"JG":0.0000045,"SO":0.0339292,"NN":0.0000045}